Invoice ID,Invoice date,Debit date,Charge type,Charge subtype,Reference,Amount,Voucher ID,Voucher type,Voucher pay date,Period start date,Period end date,Department,Reference Work ID,
intentionally let blank,intentionally let blank,intentionally let blank,intentionally let blank,intentionally let blank,"1, Employee",0.9,intentionally let blank,intentionally let blank,intentionally let blank,intentionally let blank,intentionally let blank,intentionally let blank,intentionally let blank,intentionally let blank
intentionally let blank,intentionally let blank,intentionally let blank,intentionally let blank,intentionally let blank,"1, Employee",2.95,intentionally let blank,intentionally let blank,intentionally let blank,intentionally let blank,intentionally let blank,intentionally let blank,intentionally let blank,intentionally let blank
intentionally let blank,intentionally let blank,intentionally let blank,intentionally let blank,intentionally let blank,"1, Employee",3.78,intentionally let blank,intentionally let blank,intentionally let blank,intentionally let blank,intentionally let blank,intentionally let blank,intentionally let blank,intentionally let blank
intentionally let blank,intentionally let blank,intentionally let blank,intentionally let blank,intentionally let blank,"1, Employee",3.94,intentionally let blank,intentionally let blank,intentionally let blank,intentionally let blank,intentionally let blank,intentionally let blank,intentionally let blank,intentionally let blank
intentionally let blank,intentionally let blank,intentionally let blank,intentionally let blank,intentionally let blank,"1, Employee",89,intentionally let blank,intentionally let blank,intentionally let blank,intentionally let blank,intentionally let blank,intentionally let blank,intentionally let blank,intentionally let blank
intentionally let blank,intentionally let blank,intentionally let blank,intentionally let blank,intentionally let blank,"1, Employee",3333.33,intentionally let blank,intentionally let blank,intentionally let blank,intentionally let blank,intentionally let blank,intentionally let blank,intentionally let blank,intentionally let blank
intentionally let blank,intentionally let blank,intentionally let blank,intentionally let blank,intentionally let blank,"2, Employee",0,intentionally let blank,intentionally let blank,intentionally let blank,intentionally let blank,intentionally let blank,intentionally let blank,intentionally let blank,intentionally let blank
intentionally let blank,intentionally let blank,intentionally let blank,intentionally let blank,intentionally let blank,"2, Employee",0,intentionally let blank,intentionally let blank,intentionally let blank,intentionally let blank,intentionally let blank,intentionally let blank,intentionally let blank,intentionally let blank
intentionally let blank,intentionally let blank,intentionally let blank,intentionally let blank,intentionally let blank,"2, Employee",0,intentionally let blank,intentionally let blank,intentionally let blank,intentionally let blank,intentionally let blank,intentionally let blank,intentionally let blank,intentionally let blank
intentionally let blank,intentionally let blank,intentionally let blank,intentionally let blank,intentionally let blank,"2, Employee",0,intentionally let blank,intentionally let blank,intentionally let blank,intentionally let blank,intentionally let blank,intentionally let blank,intentionally let blank,intentionally let blank
intentionally let blank,intentionally let blank,intentionally let blank,intentionally let blank,intentionally let blank,"2, Employee",0.9,intentionally let blank,intentionally let blank,intentionally let blank,intentionally let blank,intentionally let blank,intentionally let blank,intentionally let blank,intentionally let blank
intentionally let blank,intentionally let blank,intentionally let blank,intentionally let blank,intentionally let blank,"2, Employee",2.95,intentionally let blank,intentionally let blank,intentionally let blank,intentionally let blank,intentionally let blank,intentionally let blank,intentionally let blank,intentionally let blank
intentionally let blank,intentionally let blank,intentionally let blank,intentionally let blank,intentionally let blank,"2, Employee",3,intentionally let blank,intentionally let blank,intentionally let blank,intentionally let blank,intentionally let blank,intentionally let blank,intentionally let blank,intentionally let blank
intentionally let blank,intentionally let blank,intentionally let blank,intentionally let blank,intentionally let blank,"2, Employee",3.94,intentionally let blank,intentionally let blank,intentionally let blank,intentionally let blank,intentionally let blank,intentionally let blank,intentionally let blank,intentionally let blank
intentionally let blank,intentionally let blank,intentionally let blank,intentionally let blank,intentionally let blank,"2, Employee",5,intentionally let blank,intentionally let blank,intentionally let blank,intentionally let blank,intentionally let blank,intentionally let blank,intentionally let blank,intentionally let blank
intentionally let blank,intentionally let blank,intentionally let blank,intentionally let blank,intentionally let blank,"2, Employee",6.55,intentionally let blank,intentionally let blank,intentionally let blank,intentionally let blank,intentionally let blank,intentionally let blank,intentionally let blank,intentionally let blank
intentionally let blank,intentionally let blank,intentionally let blank,intentionally let blank,intentionally let blank,"2, Employee",30.82,intentionally let blank,intentionally let blank,intentionally let blank,intentionally let blank,intentionally let blank,intentionally let blank,intentionally let blank,intentionally let blank
intentionally let blank,intentionally let blank,intentionally let blank,intentionally let blank,intentionally let blank,"2, Employee",89,intentionally let blank,intentionally let blank,intentionally let blank,intentionally let blank,intentionally let blank,intentionally let blank,intentionally let blank,intentionally let blank
intentionally let blank,intentionally let blank,intentionally let blank,intentionally let blank,intentionally let blank,"2, Employee",131.78,intentionally let blank,intentionally let blank,intentionally let blank,intentionally let blank,intentionally let blank,intentionally let blank,intentionally let blank,intentionally let blank
intentionally let blank,intentionally let blank,intentionally let blank,intentionally let blank,intentionally let blank,"2, Employee",2252.5,intentionally let blank,intentionally let blank,intentionally let blank,intentionally let blank,intentionally let blank,intentionally let blank,intentionally let blank,intentionally let blank
intentionally let blank,intentionally let blank,intentionally let blank,intentionally let blank,intentionally let blank,"3, Employee",-54.09,intentionally let blank,intentionally let blank,intentionally let blank,intentionally let blank,intentionally let blank,intentionally let blank,intentionally let blank,intentionally let blank
intentionally let blank,intentionally let blank,intentionally let blank,intentionally let blank,intentionally let blank,"3, Employee",0,intentionally let blank,intentionally let blank,intentionally let blank,intentionally let blank,intentionally let blank,intentionally let blank,intentionally let blank,intentionally let blank
intentionally let blank,intentionally let blank,intentionally let blank,intentionally let blank,intentionally let blank,"3, Employee",0,intentionally let blank,intentionally let blank,intentionally let blank,intentionally let blank,intentionally let blank,intentionally let blank,intentionally let blank,intentionally let blank
intentionally let blank,intentionally let blank,intentionally let blank,intentionally let blank,intentionally let blank,"3, Employee",0,intentionally let blank,intentionally let blank,intentionally let blank,intentionally let blank,intentionally let blank,intentionally let blank,intentionally let blank,intentionally let blank
intentionally let blank,intentionally let blank,intentionally let blank,intentionally let blank,intentionally let blank,"3, Employee",0,intentionally let blank,intentionally let blank,intentionally let blank,intentionally let blank,intentionally let blank,intentionally let blank,intentionally let blank,intentionally let blank
intentionally let blank,intentionally let blank,intentionally let blank,intentionally let blank,intentionally let blank,"3, Employee",0,intentionally let blank,intentionally let blank,intentionally let blank,intentionally let blank,intentionally let blank,intentionally let blank,intentionally let blank,intentionally let blank
intentionally let blank,intentionally let blank,intentionally let blank,intentionally let blank,intentionally let blank,"3, Employee",0,intentionally let blank,intentionally let blank,intentionally let blank,intentionally let blank,intentionally let blank,intentionally let blank,intentionally let blank,intentionally let blank
intentionally let blank,intentionally let blank,intentionally let blank,intentionally let blank,intentionally let blank,"3, Employee",0,intentionally let blank,intentionally let blank,intentionally let blank,intentionally let blank,intentionally let blank,intentionally let blank,intentionally let blank,intentionally let blank
intentionally let blank,intentionally let blank,intentionally let blank,intentionally let blank,intentionally let blank,"3, Employee",0,intentionally let blank,intentionally let blank,intentionally let blank,intentionally let blank,intentionally let blank,intentionally let blank,intentionally let blank,intentionally let blank
intentionally let blank,intentionally let blank,intentionally let blank,intentionally let blank,intentionally let blank,"3, Employee",0.9,intentionally let blank,intentionally let blank,intentionally let blank,intentionally let blank,intentionally let blank,intentionally let blank,intentionally let blank,intentionally let blank
intentionally let blank,intentionally let blank,intentionally let blank,intentionally let blank,intentionally let blank,"3, Employee",1.29,intentionally let blank,intentionally let blank,intentionally let blank,intentionally let blank,intentionally let blank,intentionally let blank,intentionally let blank,intentionally let blank
intentionally let blank,intentionally let blank,intentionally let blank,intentionally let blank,intentionally let blank,"3, Employee",2.95,intentionally let blank,intentionally let blank,intentionally let blank,intentionally let blank,intentionally let blank,intentionally let blank,intentionally let blank,intentionally let blank
intentionally let blank,intentionally let blank,intentionally let blank,intentionally let blank,intentionally let blank,"3, Employee",3,intentionally let blank,intentionally let blank,intentionally let blank,intentionally let blank,intentionally let blank,intentionally let blank,intentionally let blank,intentionally let blank
intentionally let blank,intentionally let blank,intentionally let blank,intentionally let blank,intentionally let blank,"3, Employee",3.94,intentionally let blank,intentionally let blank,intentionally let blank,intentionally let blank,intentionally let blank,intentionally let blank,intentionally let blank,intentionally let blank
intentionally let blank,intentionally let blank,intentionally let blank,intentionally let blank,intentionally let blank,"3, Employee",6.42,intentionally let blank,intentionally let blank,intentionally let blank,intentionally let blank,intentionally let blank,intentionally let blank,intentionally let blank,intentionally let blank
intentionally let blank,intentionally let blank,intentionally let blank,intentionally let blank,intentionally let blank,"3, Employee",9.28,intentionally let blank,intentionally let blank,intentionally let blank,intentionally let blank,intentionally let blank,intentionally let blank,intentionally let blank,intentionally let blank
intentionally let blank,intentionally let blank,intentionally let blank,intentionally let blank,intentionally let blank,"3, Employee",27.45,intentionally let blank,intentionally let blank,intentionally let blank,intentionally let blank,intentionally let blank,intentionally let blank,intentionally let blank,intentionally let blank
intentionally let blank,intentionally let blank,intentionally let blank,intentionally let blank,intentionally let blank,"3, Employee",45.43,intentionally let blank,intentionally let blank,intentionally let blank,intentionally let blank,intentionally let blank,intentionally let blank,intentionally let blank,intentionally let blank
intentionally let blank,intentionally let blank,intentionally let blank,intentionally let blank,intentionally let blank,"3, Employee",89,intentionally let blank,intentionally let blank,intentionally let blank,intentionally let blank,intentionally let blank,intentionally let blank,intentionally let blank,intentionally let blank
intentionally let blank,intentionally let blank,intentionally let blank,intentionally let blank,intentionally let blank,"3, Employee",194.27,intentionally let blank,intentionally let blank,intentionally let blank,intentionally let blank,intentionally let blank,intentionally let blank,intentionally let blank,intentionally let blank
intentionally let blank,intentionally let blank,intentionally let blank,intentionally let blank,intentionally let blank,"3, Employee",442.71,intentionally let blank,intentionally let blank,intentionally let blank,intentionally let blank,intentionally let blank,intentionally let blank,intentionally let blank,intentionally let blank
intentionally let blank,intentionally let blank,intentionally let blank,intentionally let blank,intentionally let blank,"3, Employee",3187.5,intentionally let blank,intentionally let blank,intentionally let blank,intentionally let blank,intentionally let blank,intentionally let blank,intentionally let blank,intentionally let blank
intentionally let blank,intentionally let blank,intentionally let blank,intentionally let blank,intentionally let blank,"4, Employee",0,intentionally let blank,intentionally let blank,intentionally let blank,intentionally let blank,intentionally let blank,intentionally let blank,intentionally let blank,intentionally let blank
intentionally let blank,intentionally let blank,intentionally let blank,intentionally let blank,intentionally let blank,"4, Employee",0,intentionally let blank,intentionally let blank,intentionally let blank,intentionally let blank,intentionally let blank,intentionally let blank,intentionally let blank,intentionally let blank
intentionally let blank,intentionally let blank,intentionally let blank,intentionally let blank,intentionally let blank,"4, Employee",0,intentionally let blank,intentionally let blank,intentionally let blank,intentionally let blank,intentionally let blank,intentionally let blank,intentionally let blank,intentionally let blank
intentionally let blank,intentionally let blank,intentionally let blank,intentionally let blank,intentionally let blank,"4, Employee",0,intentionally let blank,intentionally let blank,intentionally let blank,intentionally let blank,intentionally let blank,intentionally let blank,intentionally let blank,intentionally let blank
intentionally let blank,intentionally let blank,intentionally let blank,intentionally let blank,intentionally let blank,"4, Employee",0.9,intentionally let blank,intentionally let blank,intentionally let blank,intentionally let blank,intentionally let blank,intentionally let blank,intentionally let blank,intentionally let blank
intentionally let blank,intentionally let blank,intentionally let blank,intentionally let blank,intentionally let blank,"4, Employee",2.95,intentionally let blank,intentionally let blank,intentionally let blank,intentionally let blank,intentionally let blank,intentionally let blank,intentionally let blank,intentionally let blank
intentionally let blank,intentionally let blank,intentionally let blank,intentionally let blank,intentionally let blank,"4, Employee",3,intentionally let blank,intentionally let blank,intentionally let blank,intentionally let blank,intentionally let blank,intentionally let blank,intentionally let blank,intentionally let blank
intentionally let blank,intentionally let blank,intentionally let blank,intentionally let blank,intentionally let blank,"4, Employee",3.94,intentionally let blank,intentionally let blank,intentionally let blank,intentionally let blank,intentionally let blank,intentionally let blank,intentionally let blank,intentionally let blank
intentionally let blank,intentionally let blank,intentionally let blank,intentionally let blank,intentionally let blank,"4, Employee",6.18,intentionally let blank,intentionally let blank,intentionally let blank,intentionally let blank,intentionally let blank,intentionally let blank,intentionally let blank,intentionally let blank
intentionally let blank,intentionally let blank,intentionally let blank,intentionally let blank,intentionally let blank,"4, Employee",30.81,intentionally let blank,intentionally let blank,intentionally let blank,intentionally let blank,intentionally let blank,intentionally let blank,intentionally let blank,intentionally let blank
intentionally let blank,intentionally let blank,intentionally let blank,intentionally let blank,intentionally let blank,"4, Employee",89,intentionally let blank,intentionally let blank,intentionally let blank,intentionally let blank,intentionally let blank,intentionally let blank,intentionally let blank,intentionally let blank
intentionally let blank,intentionally let blank,intentionally let blank,intentionally let blank,intentionally let blank,"4, Employee",131.75,intentionally let blank,intentionally let blank,intentionally let blank,intentionally let blank,intentionally let blank,intentionally let blank,intentionally let blank,intentionally let blank
intentionally let blank,intentionally let blank,intentionally let blank,intentionally let blank,intentionally let blank,"4, Employee",2125,intentionally let blank,intentionally let blank,intentionally let blank,intentionally let blank,intentionally let blank,intentionally let blank,intentionally let blank,intentionally let blank
intentionally let blank,intentionally let blank,intentionally let blank,intentionally let blank,intentionally let blank,"5, Employee",-97.39,intentionally let blank,intentionally let blank,intentionally let blank,intentionally let blank,intentionally let blank,intentionally let blank,intentionally let blank,intentionally let blank
intentionally let blank,intentionally let blank,intentionally let blank,intentionally let blank,intentionally let blank,"5, Employee",0,intentionally let blank,intentionally let blank,intentionally let blank,intentionally let blank,intentionally let blank,intentionally let blank,intentionally let blank,intentionally let blank
intentionally let blank,intentionally let blank,intentionally let blank,intentionally let blank,intentionally let blank,"5, Employee",0,intentionally let blank,intentionally let blank,intentionally let blank,intentionally let blank,intentionally let blank,intentionally let blank,intentionally let blank,intentionally let blank
intentionally let blank,intentionally let blank,intentionally let blank,intentionally let blank,intentionally let blank,"5, Employee",0,intentionally let blank,intentionally let blank,intentionally let blank,intentionally let blank,intentionally let blank,intentionally let blank,intentionally let blank,intentionally let blank
intentionally let blank,intentionally let blank,intentionally let blank,intentionally let blank,intentionally let blank,"5, Employee",0,intentionally let blank,intentionally let blank,intentionally let blank,intentionally let blank,intentionally let blank,intentionally let blank,intentionally let blank,intentionally let blank
intentionally let blank,intentionally let blank,intentionally let blank,intentionally let blank,intentionally let blank,"5, Employee",0,intentionally let blank,intentionally let blank,intentionally let blank,intentionally let blank,intentionally let blank,intentionally let blank,intentionally let blank,intentionally let blank
intentionally let blank,intentionally let blank,intentionally let blank,intentionally let blank,intentionally let blank,"5, Employee",0,intentionally let blank,intentionally let blank,intentionally let blank,intentionally let blank,intentionally let blank,intentionally let blank,intentionally let blank,intentionally let blank
intentionally let blank,intentionally let blank,intentionally let blank,intentionally let blank,intentionally let blank,"5, Employee",0,intentionally let blank,intentionally let blank,intentionally let blank,intentionally let blank,intentionally let blank,intentionally let blank,intentionally let blank,intentionally let blank
intentionally let blank,intentionally let blank,intentionally let blank,intentionally let blank,intentionally let blank,"5, Employee",0,intentionally let blank,intentionally let blank,intentionally let blank,intentionally let blank,intentionally let blank,intentionally let blank,intentionally let blank,intentionally let blank
intentionally let blank,intentionally let blank,intentionally let blank,intentionally let blank,intentionally let blank,"5, Employee",0.9,intentionally let blank,intentionally let blank,intentionally let blank,intentionally let blank,intentionally let blank,intentionally let blank,intentionally let blank,intentionally let blank
intentionally let blank,intentionally let blank,intentionally let blank,intentionally let blank,intentionally let blank,"5, Employee",2.32,intentionally let blank,intentionally let blank,intentionally let blank,intentionally let blank,intentionally let blank,intentionally let blank,intentionally let blank,intentionally let blank
intentionally let blank,intentionally let blank,intentionally let blank,intentionally let blank,intentionally let blank,"5, Employee",2.95,intentionally let blank,intentionally let blank,intentionally let blank,intentionally let blank,intentionally let blank,intentionally let blank,intentionally let blank,intentionally let blank
intentionally let blank,intentionally let blank,intentionally let blank,intentionally let blank,intentionally let blank,"5, Employee",3,intentionally let blank,intentionally let blank,intentionally let blank,intentionally let blank,intentionally let blank,intentionally let blank,intentionally let blank,intentionally let blank
intentionally let blank,intentionally let blank,intentionally let blank,intentionally let blank,intentionally let blank,"5, Employee",3.94,intentionally let blank,intentionally let blank,intentionally let blank,intentionally let blank,intentionally let blank,intentionally let blank,intentionally let blank,intentionally let blank
intentionally let blank,intentionally let blank,intentionally let blank,intentionally let blank,intentionally let blank,"5, Employee",5,intentionally let blank,intentionally let blank,intentionally let blank,intentionally let blank,intentionally let blank,intentionally let blank,intentionally let blank,intentionally let blank
intentionally let blank,intentionally let blank,intentionally let blank,intentionally let blank,intentionally let blank,"5, Employee",11.58,intentionally let blank,intentionally let blank,intentionally let blank,intentionally let blank,intentionally let blank,intentionally let blank,intentionally let blank,intentionally let blank
intentionally let blank,intentionally let blank,intentionally let blank,intentionally let blank,intentionally let blank,"5, Employee",13.94,intentionally let blank,intentionally let blank,intentionally let blank,intentionally let blank,intentionally let blank,intentionally let blank,intentionally let blank,intentionally let blank
intentionally let blank,intentionally let blank,intentionally let blank,intentionally let blank,intentionally let blank,"5, Employee",49.51,intentionally let blank,intentionally let blank,intentionally let blank,intentionally let blank,intentionally let blank,intentionally let blank,intentionally let blank,intentionally let blank
intentionally let blank,intentionally let blank,intentionally let blank,intentionally let blank,intentionally let blank,"5, Employee",66.23,intentionally let blank,intentionally let blank,intentionally let blank,intentionally let blank,intentionally let blank,intentionally let blank,intentionally let blank,intentionally let blank
intentionally let blank,intentionally let blank,intentionally let blank,intentionally let blank,intentionally let blank,"5, Employee",89,intentionally let blank,intentionally let blank,intentionally let blank,intentionally let blank,intentionally let blank,intentionally let blank,intentionally let blank,intentionally let blank
intentionally let blank,intentionally let blank,intentionally let blank,intentionally let blank,intentionally let blank,"5, Employee",283.17,intentionally let blank,intentionally let blank,intentionally let blank,intentionally let blank,intentionally let blank,intentionally let blank,intentionally let blank,intentionally let blank
intentionally let blank,intentionally let blank,intentionally let blank,intentionally let blank,intentionally let blank,"5, Employee",798.61,intentionally let blank,intentionally let blank,intentionally let blank,intentionally let blank,intentionally let blank,intentionally let blank,intentionally let blank,intentionally let blank
intentionally let blank,intentionally let blank,intentionally let blank,intentionally let blank,intentionally let blank,"5, Employee",4791.67,intentionally let blank,intentionally let blank,intentionally let blank,intentionally let blank,intentionally let blank,intentionally let blank,intentionally let blank,intentionally let blank
intentionally let blank,intentionally let blank,intentionally let blank,intentionally let blank,intentionally let blank,"6, Employee",0,intentionally let blank,intentionally let blank,intentionally let blank,intentionally let blank,intentionally let blank,intentionally let blank,intentionally let blank,intentionally let blank
intentionally let blank,intentionally let blank,intentionally let blank,intentionally let blank,intentionally let blank,"6, Employee",0,intentionally let blank,intentionally let blank,intentionally let blank,intentionally let blank,intentionally let blank,intentionally let blank,intentionally let blank,intentionally let blank
intentionally let blank,intentionally let blank,intentionally let blank,intentionally let blank,intentionally let blank,"6, Employee",0,intentionally let blank,intentionally let blank,intentionally let blank,intentionally let blank,intentionally let blank,intentionally let blank,intentionally let blank,intentionally let blank
intentionally let blank,intentionally let blank,intentionally let blank,intentionally let blank,intentionally let blank,"6, Employee",0,intentionally let blank,intentionally let blank,intentionally let blank,intentionally let blank,intentionally let blank,intentionally let blank,intentionally let blank,intentionally let blank
intentionally let blank,intentionally let blank,intentionally let blank,intentionally let blank,intentionally let blank,"6, Employee",0,intentionally let blank,intentionally let blank,intentionally let blank,intentionally let blank,intentionally let blank,intentionally let blank,intentionally let blank,intentionally let blank
intentionally let blank,intentionally let blank,intentionally let blank,intentionally let blank,intentionally let blank,"6, Employee",0,intentionally let blank,intentionally let blank,intentionally let blank,intentionally let blank,intentionally let blank,intentionally let blank,intentionally let blank,intentionally let blank
intentionally let blank,intentionally let blank,intentionally let blank,intentionally let blank,intentionally let blank,"6, Employee",0,intentionally let blank,intentionally let blank,intentionally let blank,intentionally let blank,intentionally let blank,intentionally let blank,intentionally let blank,intentionally let blank
intentionally let blank,intentionally let blank,intentionally let blank,intentionally let blank,intentionally let blank,"6, Employee",0,intentionally let blank,intentionally let blank,intentionally let blank,intentionally let blank,intentionally let blank,intentionally let blank,intentionally let blank,intentionally let blank
intentionally let blank,intentionally let blank,intentionally let blank,intentionally let blank,intentionally let blank,"6, Employee",1.04,intentionally let blank,intentionally let blank,intentionally let blank,intentionally let blank,intentionally let blank,intentionally let blank,intentionally let blank,intentionally let blank
intentionally let blank,intentionally let blank,intentionally let blank,intentionally let blank,intentionally let blank,"6, Employee",3,intentionally let blank,intentionally let blank,intentionally let blank,intentionally let blank,intentionally let blank,intentionally let blank,intentionally let blank,intentionally let blank
intentionally let blank,intentionally let blank,intentionally let blank,intentionally let blank,intentionally let blank,"6, Employee",3.94,intentionally let blank,intentionally let blank,intentionally let blank,intentionally let blank,intentionally let blank,intentionally let blank,intentionally let blank,intentionally let blank
intentionally let blank,intentionally let blank,intentionally let blank,intentionally let blank,intentionally let blank,"6, Employee",5.19,intentionally let blank,intentionally let blank,intentionally let blank,intentionally let blank,intentionally let blank,intentionally let blank,intentionally let blank,intentionally let blank
intentionally let blank,intentionally let blank,intentionally let blank,intentionally let blank,intentionally let blank,"6, Employee",7.5,intentionally let blank,intentionally let blank,intentionally let blank,intentionally let blank,intentionally let blank,intentionally let blank,intentionally let blank,intentionally let blank
intentionally let blank,intentionally let blank,intentionally let blank,intentionally let blank,intentionally let blank,"6, Employee",22.19,intentionally let blank,intentionally let blank,intentionally let blank,intentionally let blank,intentionally let blank,intentionally let blank,intentionally let blank,intentionally let blank
intentionally let blank,intentionally let blank,intentionally let blank,intentionally let blank,intentionally let blank,"6, Employee",37.36,intentionally let blank,intentionally let blank,intentionally let blank,intentionally let blank,intentionally let blank,intentionally let blank,intentionally let blank,intentionally let blank
intentionally let blank,intentionally let blank,intentionally let blank,intentionally let blank,intentionally let blank,"6, Employee",49,intentionally let blank,intentionally let blank,intentionally let blank,intentionally let blank,intentionally let blank,intentionally let blank,intentionally let blank,intentionally let blank
intentionally let blank,intentionally let blank,intentionally let blank,intentionally let blank,intentionally let blank,"6, Employee",159.75,intentionally let blank,intentionally let blank,intentionally let blank,intentionally let blank,intentionally let blank,intentionally let blank,intentionally let blank,intentionally let blank
intentionally let blank,intentionally let blank,intentionally let blank,intentionally let blank,intentionally let blank,"6, Employee",357.86,intentionally let blank,intentionally let blank,intentionally let blank,intentionally let blank,intentionally let blank,intentionally let blank,intentionally let blank,intentionally let blank
intentionally let blank,intentionally let blank,intentionally let blank,intentionally let blank,intentionally let blank,"6, Employee",2576.58,intentionally let blank,intentionally let blank,intentionally let blank,intentionally let blank,intentionally let blank,intentionally let blank,intentionally let blank,intentionally let blank
intentionally let blank,intentionally let blank,intentionally let blank,intentionally let blank,intentionally let blank,"7, Employee",-33.7,intentionally let blank,intentionally let blank,intentionally let blank,intentionally let blank,intentionally let blank,intentionally let blank,intentionally let blank,intentionally let blank
intentionally let blank,intentionally let blank,intentionally let blank,intentionally let blank,intentionally let blank,"7, Employee",0,intentionally let blank,intentionally let blank,intentionally let blank,intentionally let blank,intentionally let blank,intentionally let blank,intentionally let blank,intentionally let blank
intentionally let blank,intentionally let blank,intentionally let blank,intentionally let blank,intentionally let blank,"7, Employee",0,intentionally let blank,intentionally let blank,intentionally let blank,intentionally let blank,intentionally let blank,intentionally let blank,intentionally let blank,intentionally let blank
intentionally let blank,intentionally let blank,intentionally let blank,intentionally let blank,intentionally let blank,"7, Employee",0,intentionally let blank,intentionally let blank,intentionally let blank,intentionally let blank,intentionally let blank,intentionally let blank,intentionally let blank,intentionally let blank
intentionally let blank,intentionally let blank,intentionally let blank,intentionally let blank,intentionally let blank,"7, Employee",0,intentionally let blank,intentionally let blank,intentionally let blank,intentionally let blank,intentionally let blank,intentionally let blank,intentionally let blank,intentionally let blank
intentionally let blank,intentionally let blank,intentionally let blank,intentionally let blank,intentionally let blank,"7, Employee",0.9,intentionally let blank,intentionally let blank,intentionally let blank,intentionally let blank,intentionally let blank,intentionally let blank,intentionally let blank,intentionally let blank
intentionally let blank,intentionally let blank,intentionally let blank,intentionally let blank,intentionally let blank,"7, Employee",2.95,intentionally let blank,intentionally let blank,intentionally let blank,intentionally let blank,intentionally let blank,intentionally let blank,intentionally let blank,intentionally let blank
intentionally let blank,intentionally let blank,intentionally let blank,intentionally let blank,intentionally let blank,"7, Employee",3,intentionally let blank,intentionally let blank,intentionally let blank,intentionally let blank,intentionally let blank,intentionally let blank,intentionally let blank,intentionally let blank
intentionally let blank,intentionally let blank,intentionally let blank,intentionally let blank,intentionally let blank,"7, Employee",3.94,intentionally let blank,intentionally let blank,intentionally let blank,intentionally let blank,intentionally let blank,intentionally let blank,intentionally let blank,intentionally let blank
intentionally let blank,intentionally let blank,intentionally let blank,intentionally let blank,intentionally let blank,"7, Employee",12.13,intentionally let blank,intentionally let blank,intentionally let blank,intentionally let blank,intentionally let blank,intentionally let blank,intentionally let blank,intentionally let blank
intentionally let blank,intentionally let blank,intentionally let blank,intentionally let blank,intentionally let blank,"7, Employee",59.93,intentionally let blank,intentionally let blank,intentionally let blank,intentionally let blank,intentionally let blank,intentionally let blank,intentionally let blank,intentionally let blank
intentionally let blank,intentionally let blank,intentionally let blank,intentionally let blank,intentionally let blank,"7, Employee",89,intentionally let blank,intentionally let blank,intentionally let blank,intentionally let blank,intentionally let blank,intentionally let blank,intentionally let blank,intentionally let blank
intentionally let blank,intentionally let blank,intentionally let blank,intentionally let blank,intentionally let blank,"7, Employee",256.24,intentionally let blank,intentionally let blank,intentionally let blank,intentionally let blank,intentionally let blank,intentionally let blank,intentionally let blank,intentionally let blank
intentionally let blank,intentionally let blank,intentionally let blank,intentionally let blank,intentionally let blank,"7, Employee",4166.67,intentionally let blank,intentionally let blank,intentionally let blank,intentionally let blank,intentionally let blank,intentionally let blank,intentionally let blank,intentionally let blank
intentionally let blank,intentionally let blank,intentionally let blank,intentionally let blank,intentionally let blank,"8, Employee",-33.7,intentionally let blank,intentionally let blank,intentionally let blank,intentionally let blank,intentionally let blank,intentionally let blank,intentionally let blank,intentionally let blank
intentionally let blank,intentionally let blank,intentionally let blank,intentionally let blank,intentionally let blank,"8, Employee",0,intentionally let blank,intentionally let blank,intentionally let blank,intentionally let blank,intentionally let blank,intentionally let blank,intentionally let blank,intentionally let blank
intentionally let blank,intentionally let blank,intentionally let blank,intentionally let blank,intentionally let blank,"8, Employee",0,intentionally let blank,intentionally let blank,intentionally let blank,intentionally let blank,intentionally let blank,intentionally let blank,intentionally let blank,intentionally let blank
intentionally let blank,intentionally let blank,intentionally let blank,intentionally let blank,intentionally let blank,"8, Employee",0,intentionally let blank,intentionally let blank,intentionally let blank,intentionally let blank,intentionally let blank,intentionally let blank,intentionally let blank,intentionally let blank
intentionally let blank,intentionally let blank,intentionally let blank,intentionally let blank,intentionally let blank,"8, Employee",0,intentionally let blank,intentionally let blank,intentionally let blank,intentionally let blank,intentionally let blank,intentionally let blank,intentionally let blank,intentionally let blank
intentionally let blank,intentionally let blank,intentionally let blank,intentionally let blank,intentionally let blank,"8, Employee",0,intentionally let blank,intentionally let blank,intentionally let blank,intentionally let blank,intentionally let blank,intentionally let blank,intentionally let blank,intentionally let blank
intentionally let blank,intentionally let blank,intentionally let blank,intentionally let blank,intentionally let blank,"8, Employee",0,intentionally let blank,intentionally let blank,intentionally let blank,intentionally let blank,intentionally let blank,intentionally let blank,intentionally let blank,intentionally let blank
intentionally let blank,intentionally let blank,intentionally let blank,intentionally let blank,intentionally let blank,"8, Employee",0,intentionally let blank,intentionally let blank,intentionally let blank,intentionally let blank,intentionally let blank,intentionally let blank,intentionally let blank,intentionally let blank
intentionally let blank,intentionally let blank,intentionally let blank,intentionally let blank,intentionally let blank,"8, Employee",0,intentionally let blank,intentionally let blank,intentionally let blank,intentionally let blank,intentionally let blank,intentionally let blank,intentionally let blank,intentionally let blank
intentionally let blank,intentionally let blank,intentionally let blank,intentionally let blank,intentionally let blank,"8, Employee",0.9,intentionally let blank,intentionally let blank,intentionally let blank,intentionally let blank,intentionally let blank,intentionally let blank,intentionally let blank,intentionally let blank
intentionally let blank,intentionally let blank,intentionally let blank,intentionally let blank,intentionally let blank,"8, Employee",0.98,intentionally let blank,intentionally let blank,intentionally let blank,intentionally let blank,intentionally let blank,intentionally let blank,intentionally let blank,intentionally let blank
intentionally let blank,intentionally let blank,intentionally let blank,intentionally let blank,intentionally let blank,"8, Employee",2.95,intentionally let blank,intentionally let blank,intentionally let blank,intentionally let blank,intentionally let blank,intentionally let blank,intentionally let blank,intentionally let blank
intentionally let blank,intentionally let blank,intentionally let blank,intentionally let blank,intentionally let blank,"8, Employee",3,intentionally let blank,intentionally let blank,intentionally let blank,intentionally let blank,intentionally let blank,intentionally let blank,intentionally let blank,intentionally let blank
intentionally let blank,intentionally let blank,intentionally let blank,intentionally let blank,intentionally let blank,"8, Employee",3.94,intentionally let blank,intentionally let blank,intentionally let blank,intentionally let blank,intentionally let blank,intentionally let blank,intentionally let blank,intentionally let blank
intentionally let blank,intentionally let blank,intentionally let blank,intentionally let blank,intentionally let blank,"8, Employee",4.87,intentionally let blank,intentionally let blank,intentionally let blank,intentionally let blank,intentionally let blank,intentionally let blank,intentionally let blank,intentionally let blank
intentionally let blank,intentionally let blank,intentionally let blank,intentionally let blank,intentionally let blank,"8, Employee",10.31,intentionally let blank,intentionally let blank,intentionally let blank,intentionally let blank,intentionally let blank,intentionally let blank,intentionally let blank,intentionally let blank
intentionally let blank,intentionally let blank,intentionally let blank,intentionally let blank,intentionally let blank,"8, Employee",20.82,intentionally let blank,intentionally let blank,intentionally let blank,intentionally let blank,intentionally let blank,intentionally let blank,intentionally let blank,intentionally let blank
intentionally let blank,intentionally let blank,intentionally let blank,intentionally let blank,intentionally let blank,"8, Employee",50.87,intentionally let blank,intentionally let blank,intentionally let blank,intentionally let blank,intentionally let blank,intentionally let blank,intentionally let blank,intentionally let blank
intentionally let blank,intentionally let blank,intentionally let blank,intentionally let blank,intentionally let blank,"8, Employee",89,intentionally let blank,intentionally let blank,intentionally let blank,intentionally let blank,intentionally let blank,intentionally let blank,intentionally let blank,intentionally let blank
intentionally let blank,intentionally let blank,intentionally let blank,intentionally let blank,intentionally let blank,"8, Employee",217.49,intentionally let blank,intentionally let blank,intentionally let blank,intentionally let blank,intentionally let blank,intentionally let blank,intentionally let blank,intentionally let blank
intentionally let blank,intentionally let blank,intentionally let blank,intentionally let blank,intentionally let blank,"8, Employee",335.75,intentionally let blank,intentionally let blank,intentionally let blank,intentionally let blank,intentionally let blank,intentionally let blank,intentionally let blank,intentionally let blank
intentionally let blank,intentionally let blank,intentionally let blank,intentionally let blank,intentionally let blank,"8, Employee",3541.67,intentionally let blank,intentionally let blank,intentionally let blank,intentionally let blank,intentionally let blank,intentionally let blank,intentionally let blank,intentionally let blank
intentionally let blank,intentionally let blank,intentionally let blank,intentionally let blank,intentionally let blank,"9, Employee",0,intentionally let blank,intentionally let blank,intentionally let blank,intentionally let blank,intentionally let blank,intentionally let blank,intentionally let blank,intentionally let blank
intentionally let blank,intentionally let blank,intentionally let blank,intentionally let blank,intentionally let blank,"9, Employee",0.9,intentionally let blank,intentionally let blank,intentionally let blank,intentionally let blank,intentionally let blank,intentionally let blank,intentionally let blank,intentionally let blank
intentionally let blank,intentionally let blank,intentionally let blank,intentionally let blank,intentionally let blank,"9, Employee",1.63,intentionally let blank,intentionally let blank,intentionally let blank,intentionally let blank,intentionally let blank,intentionally let blank,intentionally let blank,intentionally let blank
intentionally let blank,intentionally let blank,intentionally let blank,intentionally let blank,intentionally let blank,"9, Employee",2,intentionally let blank,intentionally let blank,intentionally let blank,intentionally let blank,intentionally let blank,intentionally let blank,intentionally let blank,intentionally let blank
intentionally let blank,intentionally let blank,intentionally let blank,intentionally let blank,intentionally let blank,"9, Employee",2.95,intentionally let blank,intentionally let blank,intentionally let blank,intentionally let blank,intentionally let blank,intentionally let blank,intentionally let blank,intentionally let blank
intentionally let blank,intentionally let blank,intentionally let blank,intentionally let blank,intentionally let blank,"9, Employee",3,intentionally let blank,intentionally let blank,intentionally let blank,intentionally let blank,intentionally let blank,intentionally let blank,intentionally let blank,intentionally let blank
intentionally let blank,intentionally let blank,intentionally let blank,intentionally let blank,intentionally let blank,"9, Employee",5.54,intentionally let blank,intentionally let blank,intentionally let blank,intentionally let blank,intentionally let blank,intentionally let blank,intentionally let blank,intentionally let blank
intentionally let blank,intentionally let blank,intentionally let blank,intentionally let blank,intentionally let blank,"9, Employee",39.34,intentionally let blank,intentionally let blank,intentionally let blank,intentionally let blank,intentionally let blank,intentionally let blank,intentionally let blank,intentionally let blank
intentionally let blank,intentionally let blank,intentionally let blank,intentionally let blank,intentionally let blank,"9, Employee",73.26,intentionally let blank,intentionally let blank,intentionally let blank,intentionally let blank,intentionally let blank,intentionally let blank,intentionally let blank,intentionally let blank
intentionally let blank,intentionally let blank,intentionally let blank,intentionally let blank,intentionally let blank,"9, Employee",89,intentionally let blank,intentionally let blank,intentionally let blank,intentionally let blank,intentionally let blank,intentionally let blank,intentionally let blank,intentionally let blank
intentionally let blank,intentionally let blank,intentionally let blank,intentionally let blank,intentionally let blank,"9, Employee",168.23,intentionally let blank,intentionally let blank,intentionally let blank,intentionally let blank,intentionally let blank,intentionally let blank,intentionally let blank,intentionally let blank
intentionally let blank,intentionally let blank,intentionally let blank,intentionally let blank,intentionally let blank,"9, Employee",2713.33,intentionally let blank,intentionally let blank,intentionally let blank,intentionally let blank,intentionally let blank,intentionally let blank,intentionally let blank,intentionally let blank
intentionally let blank,intentionally let blank,intentionally let blank,intentionally let blank,intentionally let blank,"10, Employee",-33.7,intentionally let blank,intentionally let blank,intentionally let blank,intentionally let blank,intentionally let blank,intentionally let blank,intentionally let blank,intentionally let blank
intentionally let blank,intentionally let blank,intentionally let blank,intentionally let blank,intentionally let blank,"10, Employee",0,intentionally let blank,intentionally let blank,intentionally let blank,intentionally let blank,intentionally let blank,intentionally let blank,intentionally let blank,intentionally let blank
intentionally let blank,intentionally let blank,intentionally let blank,intentionally let blank,intentionally let blank,"10, Employee",0,intentionally let blank,intentionally let blank,intentionally let blank,intentionally let blank,intentionally let blank,intentionally let blank,intentionally let blank,intentionally let blank
intentionally let blank,intentionally let blank,intentionally let blank,intentionally let blank,intentionally let blank,"10, Employee",0,intentionally let blank,intentionally let blank,intentionally let blank,intentionally let blank,intentionally let blank,intentionally let blank,intentionally let blank,intentionally let blank
intentionally let blank,intentionally let blank,intentionally let blank,intentionally let blank,intentionally let blank,"10, Employee",0,intentionally let blank,intentionally let blank,intentionally let blank,intentionally let blank,intentionally let blank,intentionally let blank,intentionally let blank,intentionally let blank
intentionally let blank,intentionally let blank,intentionally let blank,intentionally let blank,intentionally let blank,"10, Employee",0,intentionally let blank,intentionally let blank,intentionally let blank,intentionally let blank,intentionally let blank,intentionally let blank,intentionally let blank,intentionally let blank
intentionally let blank,intentionally let blank,intentionally let blank,intentionally let blank,intentionally let blank,"10, Employee",0,intentionally let blank,intentionally let blank,intentionally let blank,intentionally let blank,intentionally let blank,intentionally let blank,intentionally let blank,intentionally let blank
intentionally let blank,intentionally let blank,intentionally let blank,intentionally let blank,intentionally let blank,"10, Employee",0,intentionally let blank,intentionally let blank,intentionally let blank,intentionally let blank,intentionally let blank,intentionally let blank,intentionally let blank,intentionally let blank
intentionally let blank,intentionally let blank,intentionally let blank,intentionally let blank,intentionally let blank,"10, Employee",0,intentionally let blank,intentionally let blank,intentionally let blank,intentionally let blank,intentionally let blank,intentionally let blank,intentionally let blank,intentionally let blank
intentionally let blank,intentionally let blank,intentionally let blank,intentionally let blank,intentionally let blank,"10, Employee",0.74,intentionally let blank,intentionally let blank,intentionally let blank,intentionally let blank,intentionally let blank,intentionally let blank,intentionally let blank,intentionally let blank
intentionally let blank,intentionally let blank,intentionally let blank,intentionally let blank,intentionally let blank,"10, Employee",0.9,intentionally let blank,intentionally let blank,intentionally let blank,intentionally let blank,intentionally let blank,intentionally let blank,intentionally let blank,intentionally let blank
intentionally let blank,intentionally let blank,intentionally let blank,intentionally let blank,intentionally let blank,"10, Employee",2.25,intentionally let blank,intentionally let blank,intentionally let blank,intentionally let blank,intentionally let blank,intentionally let blank,intentionally let blank,intentionally let blank
intentionally let blank,intentionally let blank,intentionally let blank,intentionally let blank,intentionally let blank,"10, Employee",2.95,intentionally let blank,intentionally let blank,intentionally let blank,intentionally let blank,intentionally let blank,intentionally let blank,intentionally let blank,intentionally let blank
intentionally let blank,intentionally let blank,intentionally let blank,intentionally let blank,intentionally let blank,"10, Employee",3,intentionally let blank,intentionally let blank,intentionally let blank,intentionally let blank,intentionally let blank,intentionally let blank,intentionally let blank,intentionally let blank
intentionally let blank,intentionally let blank,intentionally let blank,intentionally let blank,intentionally let blank,"10, Employee",3.68,intentionally let blank,intentionally let blank,intentionally let blank,intentionally let blank,intentionally let blank,intentionally let blank,intentionally let blank,intentionally let blank
intentionally let blank,intentionally let blank,intentionally let blank,intentionally let blank,intentionally let blank,"10, Employee",3.94,intentionally let blank,intentionally let blank,intentionally let blank,intentionally let blank,intentionally let blank,intentionally let blank,intentionally let blank,intentionally let blank
intentionally let blank,intentionally let blank,intentionally let blank,intentionally let blank,intentionally let blank,"10, Employee",5,intentionally let blank,intentionally let blank,intentionally let blank,intentionally let blank,intentionally let blank,intentionally let blank,intentionally let blank,intentionally let blank
intentionally let blank,intentionally let blank,intentionally let blank,intentionally let blank,intentionally let blank,"10, Employee",8.85,intentionally let blank,intentionally let blank,intentionally let blank,intentionally let blank,intentionally let blank,intentionally let blank,intentionally let blank,intentionally let blank
intentionally let blank,intentionally let blank,intentionally let blank,intentionally let blank,intentionally let blank,"10, Employee",15.72,intentionally let blank,intentionally let blank,intentionally let blank,intentionally let blank,intentionally let blank,intentionally let blank,intentionally let blank,intentionally let blank
intentionally let blank,intentionally let blank,intentionally let blank,intentionally let blank,intentionally let blank,"10, Employee",41.73,intentionally let blank,intentionally let blank,intentionally let blank,intentionally let blank,intentionally let blank,intentionally let blank,intentionally let blank,intentionally let blank
intentionally let blank,intentionally let blank,intentionally let blank,intentionally let blank,intentionally let blank,"10, Employee",89,intentionally let blank,intentionally let blank,intentionally let blank,intentionally let blank,intentionally let blank,intentionally let blank,intentionally let blank,intentionally let blank
intentionally let blank,intentionally let blank,intentionally let blank,intentionally let blank,intentionally let blank,"10, Employee",178.43,intentionally let blank,intentionally let blank,intentionally let blank,intentionally let blank,intentionally let blank,intentionally let blank,intentionally let blank,intentionally let blank
intentionally let blank,intentionally let blank,intentionally let blank,intentionally let blank,intentionally let blank,"10, Employee",253.47,intentionally let blank,intentionally let blank,intentionally let blank,intentionally let blank,intentionally let blank,intentionally let blank,intentionally let blank,intentionally let blank
intentionally let blank,intentionally let blank,intentionally let blank,intentionally let blank,intentionally let blank,"10, Employee",3041.67,intentionally let blank,intentionally let blank,intentionally let blank,intentionally let blank,intentionally let blank,intentionally let blank,intentionally let blank,intentionally let blank
intentionally let blank,intentionally let blank,intentionally let blank,intentionally let blank,intentionally let blank,"11, Employee",-97.39,intentionally let blank,intentionally let blank,intentionally let blank,intentionally let blank,intentionally let blank,intentionally let blank,intentionally let blank,intentionally let blank
intentionally let blank,intentionally let blank,intentionally let blank,intentionally let blank,intentionally let blank,"11, Employee",0,intentionally let blank,intentionally let blank,intentionally let blank,intentionally let blank,intentionally let blank,intentionally let blank,intentionally let blank,intentionally let blank
intentionally let blank,intentionally let blank,intentionally let blank,intentionally let blank,intentionally let blank,"11, Employee",0,intentionally let blank,intentionally let blank,intentionally let blank,intentionally let blank,intentionally let blank,intentionally let blank,intentionally let blank,intentionally let blank
intentionally let blank,intentionally let blank,intentionally let blank,intentionally let blank,intentionally let blank,"11, Employee",0,intentionally let blank,intentionally let blank,intentionally let blank,intentionally let blank,intentionally let blank,intentionally let blank,intentionally let blank,intentionally let blank
intentionally let blank,intentionally let blank,intentionally let blank,intentionally let blank,intentionally let blank,"11, Employee",0,intentionally let blank,intentionally let blank,intentionally let blank,intentionally let blank,intentionally let blank,intentionally let blank,intentionally let blank,intentionally let blank
intentionally let blank,intentionally let blank,intentionally let blank,intentionally let blank,intentionally let blank,"11, Employee",0.9,intentionally let blank,intentionally let blank,intentionally let blank,intentionally let blank,intentionally let blank,intentionally let blank,intentionally let blank,intentionally let blank
intentionally let blank,intentionally let blank,intentionally let blank,intentionally let blank,intentionally let blank,"11, Employee",1.74,intentionally let blank,intentionally let blank,intentionally let blank,intentionally let blank,intentionally let blank,intentionally let blank,intentionally let blank,intentionally let blank
intentionally let blank,intentionally let blank,intentionally let blank,intentionally let blank,intentionally let blank,"11, Employee",2.95,intentionally let blank,intentionally let blank,intentionally let blank,intentionally let blank,intentionally let blank,intentionally let blank,intentionally let blank,intentionally let blank
intentionally let blank,intentionally let blank,intentionally let blank,intentionally let blank,intentionally let blank,"11, Employee",3,intentionally let blank,intentionally let blank,intentionally let blank,intentionally let blank,intentionally let blank,intentionally let blank,intentionally let blank,intentionally let blank
intentionally let blank,intentionally let blank,intentionally let blank,intentionally let blank,intentionally let blank,"11, Employee",3.5,intentionally let blank,intentionally let blank,intentionally let blank,intentionally let blank,intentionally let blank,intentionally let blank,intentionally let blank,intentionally let blank
intentionally let blank,intentionally let blank,intentionally let blank,intentionally let blank,intentionally let blank,"11, Employee",8.17,intentionally let blank,intentionally let blank,intentionally let blank,intentionally let blank,intentionally let blank,intentionally let blank,intentionally let blank,intentionally let blank
intentionally let blank,intentionally let blank,intentionally let blank,intentionally let blank,intentionally let blank,"11, Employee",10.8,intentionally let blank,intentionally let blank,intentionally let blank,intentionally let blank,intentionally let blank,intentionally let blank,intentionally let blank,intentionally let blank
intentionally let blank,intentionally let blank,intentionally let blank,intentionally let blank,intentionally let blank,"11, Employee",34.95,intentionally let blank,intentionally let blank,intentionally let blank,intentionally let blank,intentionally let blank,intentionally let blank,intentionally let blank,intentionally let blank
intentionally let blank,intentionally let blank,intentionally let blank,intentionally let blank,intentionally let blank,"11, Employee",45.56,intentionally let blank,intentionally let blank,intentionally let blank,intentionally let blank,intentionally let blank,intentionally let blank,intentionally let blank,intentionally let blank
intentionally let blank,intentionally let blank,intentionally let blank,intentionally let blank,intentionally let blank,"11, Employee",89,intentionally let blank,intentionally let blank,intentionally let blank,intentionally let blank,intentionally let blank,intentionally let blank,intentionally let blank,intentionally let blank
intentionally let blank,intentionally let blank,intentionally let blank,intentionally let blank,intentionally let blank,"11, Employee",194.83,intentionally let blank,intentionally let blank,intentionally let blank,intentionally let blank,intentionally let blank,intentionally let blank,intentionally let blank,intentionally let blank
intentionally let blank,intentionally let blank,intentionally let blank,intentionally let blank,intentionally let blank,"11, Employee",563.66,intentionally let blank,intentionally let blank,intentionally let blank,intentionally let blank,intentionally let blank,intentionally let blank,intentionally let blank,intentionally let blank
intentionally let blank,intentionally let blank,intentionally let blank,intentionally let blank,intentionally let blank,"11, Employee",3489.75,intentionally let blank,intentionally let blank,intentionally let blank,intentionally let blank,intentionally let blank,intentionally let blank,intentionally let blank,intentionally let blank
intentionally let blank,intentionally let blank,intentionally let blank,intentionally let blank,intentionally let blank,"12, Employee",0,intentionally let blank,intentionally let blank,intentionally let blank,intentionally let blank,intentionally let blank,intentionally let blank,intentionally let blank,intentionally let blank
intentionally let blank,intentionally let blank,intentionally let blank,intentionally let blank,intentionally let blank,"12, Employee",0,intentionally let blank,intentionally let blank,intentionally let blank,intentionally let blank,intentionally let blank,intentionally let blank,intentionally let blank,intentionally let blank
intentionally let blank,intentionally let blank,intentionally let blank,intentionally let blank,intentionally let blank,"12, Employee",0,intentionally let blank,intentionally let blank,intentionally let blank,intentionally let blank,intentionally let blank,intentionally let blank,intentionally let blank,intentionally let blank
intentionally let blank,intentionally let blank,intentionally let blank,intentionally let blank,intentionally let blank,"12, Employee",0,intentionally let blank,intentionally let blank,intentionally let blank,intentionally let blank,intentionally let blank,intentionally let blank,intentionally let blank,intentionally let blank
intentionally let blank,intentionally let blank,intentionally let blank,intentionally let blank,intentionally let blank,"12, Employee",0,intentionally let blank,intentionally let blank,intentionally let blank,intentionally let blank,intentionally let blank,intentionally let blank,intentionally let blank,intentionally let blank
intentionally let blank,intentionally let blank,intentionally let blank,intentionally let blank,intentionally let blank,"12, Employee",0,intentionally let blank,intentionally let blank,intentionally let blank,intentionally let blank,intentionally let blank,intentionally let blank,intentionally let blank,intentionally let blank
intentionally let blank,intentionally let blank,intentionally let blank,intentionally let blank,intentionally let blank,"12, Employee",0.76,intentionally let blank,intentionally let blank,intentionally let blank,intentionally let blank,intentionally let blank,intentionally let blank,intentionally let blank,intentionally let blank
intentionally let blank,intentionally let blank,intentionally let blank,intentionally let blank,intentionally let blank,"12, Employee",0.9,intentionally let blank,intentionally let blank,intentionally let blank,intentionally let blank,intentionally let blank,intentionally let blank,intentionally let blank,intentionally let blank
intentionally let blank,intentionally let blank,intentionally let blank,intentionally let blank,intentionally let blank,"12, Employee",2.95,intentionally let blank,intentionally let blank,intentionally let blank,intentionally let blank,intentionally let blank,intentionally let blank,intentionally let blank,intentionally let blank
intentionally let blank,intentionally let blank,intentionally let blank,intentionally let blank,intentionally let blank,"12, Employee",3,intentionally let blank,intentionally let blank,intentionally let blank,intentionally let blank,intentionally let blank,intentionally let blank,intentionally let blank,intentionally let blank
intentionally let blank,intentionally let blank,intentionally let blank,intentionally let blank,intentionally let blank,"12, Employee",5.45,intentionally let blank,intentionally let blank,intentionally let blank,intentionally let blank,intentionally let blank,intentionally let blank,intentionally let blank,intentionally let blank
intentionally let blank,intentionally let blank,intentionally let blank,intentionally let blank,intentionally let blank,"12, Employee",7.3,intentionally let blank,intentionally let blank,intentionally let blank,intentionally let blank,intentionally let blank,intentionally let blank,intentionally let blank,intentionally let blank
intentionally let blank,intentionally let blank,intentionally let blank,intentionally let blank,intentionally let blank,"12, Employee",31.2,intentionally let blank,intentionally let blank,intentionally let blank,intentionally let blank,intentionally let blank,intentionally let blank,intentionally let blank,intentionally let blank
intentionally let blank,intentionally let blank,intentionally let blank,intentionally let blank,intentionally let blank,"12, Employee",52.54,intentionally let blank,intentionally let blank,intentionally let blank,intentionally let blank,intentionally let blank,intentionally let blank,intentionally let blank,intentionally let blank
intentionally let blank,intentionally let blank,intentionally let blank,intentionally let blank,intentionally let blank,"12, Employee",89,intentionally let blank,intentionally let blank,intentionally let blank,intentionally let blank,intentionally let blank,intentionally let blank,intentionally let blank,intentionally let blank
intentionally let blank,intentionally let blank,intentionally let blank,intentionally let blank,intentionally let blank,"12, Employee",224.65,intentionally let blank,intentionally let blank,intentionally let blank,intentionally let blank,intentionally let blank,intentionally let blank,intentionally let blank,intentionally let blank
intentionally let blank,intentionally let blank,intentionally let blank,intentionally let blank,intentionally let blank,"12, Employee",503.24,intentionally let blank,intentionally let blank,intentionally let blank,intentionally let blank,intentionally let blank,intentionally let blank,intentionally let blank,intentionally let blank
intentionally let blank,intentionally let blank,intentionally let blank,intentionally let blank,intentionally let blank,"12, Employee",3623.42,intentionally let blank,intentionally let blank,intentionally let blank,intentionally let blank,intentionally let blank,intentionally let blank,intentionally let blank,intentionally let blank
intentionally let blank,intentionally let blank,intentionally let blank,intentionally let blank,intentionally let blank,"13, Employee",-33.7,intentionally let blank,intentionally let blank,intentionally let blank,intentionally let blank,intentionally let blank,intentionally let blank,intentionally let blank,intentionally let blank
intentionally let blank,intentionally let blank,intentionally let blank,intentionally let blank,intentionally let blank,"13, Employee",0,intentionally let blank,intentionally let blank,intentionally let blank,intentionally let blank,intentionally let blank,intentionally let blank,intentionally let blank,intentionally let blank
intentionally let blank,intentionally let blank,intentionally let blank,intentionally let blank,intentionally let blank,"13, Employee",0,intentionally let blank,intentionally let blank,intentionally let blank,intentionally let blank,intentionally let blank,intentionally let blank,intentionally let blank,intentionally let blank
intentionally let blank,intentionally let blank,intentionally let blank,intentionally let blank,intentionally let blank,"13, Employee",0,intentionally let blank,intentionally let blank,intentionally let blank,intentionally let blank,intentionally let blank,intentionally let blank,intentionally let blank,intentionally let blank
intentionally let blank,intentionally let blank,intentionally let blank,intentionally let blank,intentionally let blank,"13, Employee",0,intentionally let blank,intentionally let blank,intentionally let blank,intentionally let blank,intentionally let blank,intentionally let blank,intentionally let blank,intentionally let blank
intentionally let blank,intentionally let blank,intentionally let blank,intentionally let blank,intentionally let blank,"13, Employee",0.9,intentionally let blank,intentionally let blank,intentionally let blank,intentionally let blank,intentionally let blank,intentionally let blank,intentionally let blank,intentionally let blank
intentionally let blank,intentionally let blank,intentionally let blank,intentionally let blank,intentionally let blank,"13, Employee",2.25,intentionally let blank,intentionally let blank,intentionally let blank,intentionally let blank,intentionally let blank,intentionally let blank,intentionally let blank,intentionally let blank
intentionally let blank,intentionally let blank,intentionally let blank,intentionally let blank,intentionally let blank,"13, Employee",2.95,intentionally let blank,intentionally let blank,intentionally let blank,intentionally let blank,intentionally let blank,intentionally let blank,intentionally let blank,intentionally let blank
intentionally let blank,intentionally let blank,intentionally let blank,intentionally let blank,intentionally let blank,"13, Employee",3,intentionally let blank,intentionally let blank,intentionally let blank,intentionally let blank,intentionally let blank,intentionally let blank,intentionally let blank,intentionally let blank
intentionally let blank,intentionally let blank,intentionally let blank,intentionally let blank,intentionally let blank,"13, Employee",3.94,intentionally let blank,intentionally let blank,intentionally let blank,intentionally let blank,intentionally let blank,intentionally let blank,intentionally let blank,intentionally let blank
intentionally let blank,intentionally let blank,intentionally let blank,intentionally let blank,intentionally let blank,"13, Employee",8.18,intentionally let blank,intentionally let blank,intentionally let blank,intentionally let blank,intentionally let blank,intentionally let blank,intentionally let blank,intentionally let blank
intentionally let blank,intentionally let blank,intentionally let blank,intentionally let blank,intentionally let blank,"13, Employee",38.84,intentionally let blank,intentionally let blank,intentionally let blank,intentionally let blank,intentionally let blank,intentionally let blank,intentionally let blank,intentionally let blank
intentionally let blank,intentionally let blank,intentionally let blank,intentionally let blank,intentionally let blank,"13, Employee",89,intentionally let blank,intentionally let blank,intentionally let blank,intentionally let blank,intentionally let blank,intentionally let blank,intentionally let blank,intentionally let blank
intentionally let blank,intentionally let blank,intentionally let blank,intentionally let blank,intentionally let blank,"13, Employee",166.09,intentionally let blank,intentionally let blank,intentionally let blank,intentionally let blank,intentionally let blank,intentionally let blank,intentionally let blank,intentionally let blank
intentionally let blank,intentionally let blank,intentionally let blank,intentionally let blank,intentionally let blank,"13, Employee",2812.5,intentionally let blank,intentionally let blank,intentionally let blank,intentionally let blank,intentionally let blank,intentionally let blank,intentionally let blank,intentionally let blank
intentionally let blank,intentionally let blank,intentionally let blank,intentionally let blank,intentionally let blank,,-49,intentionally let blank,intentionally let blank,intentionally let blank,intentionally let blank,intentionally let blank,intentionally let blank,intentionally let blank,intentionally let blank